[{"firstName": "\u05dc\u05e1", "lastName": "\u05de\u05d0\u05d9\u05d4", "email": "mayalass47@gmail.com", "password": "shenkar", "class": "c8", "isFirst": true}, {"firstName": "\u05dc\u05e1\u05e7\u05d5", "lastName": "\u05e2\u05d3\u05d9", "email": "adilasko1010@gmail.com", "password": "shenkar", "class": "c8", "isFirst": true}, {"firstName": "\u05dc\u05e8\u05e8", "lastName": "\u05e2\u05d3\u05d9", "email": "adilehrer12345@gmail.com", "password": "shenkar", "class": "c8", "isFirst": true}, {"firstName": "\u05dc\u05e9\u05dd", "lastName": "\u05d0\u05e8\u05d9\u05d0\u05dc", "email": "leshemariel@gmail.com", "password": "shenkar", "class": "c8", "isFirst": true}, {"firstName": "\u05de\u05d3\u05d9\u05e0\u05d9", "lastName": "\u05e2\u05d5\u05de\u05e8", "email": "omermedini98@gmail.com", "password": "shenkar", "class": "c8", "isFirst": true}, {"firstName": "\u05de\u05d3\u05e8", "lastName": "\u05e0\u05d5\u05d9", "email": "noymadar19@gmail.com", "password": "shenkar", "class": "c8", "isFirst": true}, {"firstName": "\u05de\u05d5\u05e1\u05e7\u05d5\u05d1\u05d9\u05e5", "lastName": "\u05d0\u05dc\u05d5\u05df ", "email": "moshko25@gmail.com", "password": "shenkar", "class": "c8", "isFirst": true}, {"firstName": "\u05de\u05d5\u05e6\u05e0\u05d9\u05e7", "lastName": "\u05d0\u05d5\u05e4\u05d9\u05e8 \u05d9\u05d4\u05d5\u05d3\u05d9\u05ea", "email": "ofirmu17@gmail.com", "password": "shenkar", "class": "c8", "isFirst": true}, {"firstName": "\u05de\u05d5\u05e8\u05d1\u05e1\u05e7\u05d9", "lastName": "\u05e2\u05d5\u05d3\u05d3", "email": "odedrsky888@gmail.com", "password": "shenkar", "class": "c8", "isFirst": true}, {"firstName": "\u05de\u05d6\u05e8\u05d7\u05d9", "lastName": "\u05dc\u05d9\u05e8\u05d5\u05df", "email": "lironm1.shenkar@gmail.comlili197575@gmail.com", "password": "shenkar", "class": "c8", "isFirst": true}, {"firstName": "\u05de\u05d9\u05db\u05d0\u05dc\u05d9", "lastName": "\u05e2\u05d9\u05dc\u05d9", "email": "ilaimicheli12345@gmail.com", "password": "shenkar", "class": "c8", "isFirst": true}, {"firstName": "\u05de\u05d9\u05e8\u05e7\u05d9\u05df", "lastName": "\u05e2\u05de\u05e8", "email": "omermirkin@gmail.com", "password": "shenkar", "class": "c8", "isFirst": true}, {"firstName": "\u05de\u05dc\u05de\u05d5\u05d3", "lastName": "\u05d9\u05d5\u05d0\u05d1 ", "email": "yoav225@gmail.com", "password": "shenkar", "class": "c8", "isFirst": true}, {"firstName": "\u05de\u05e8\u05d3", "lastName": "\u05e2\u05de\u05d9\u05ea", "email": "amitmered@gmail.com", "password": "shenkar", "class": "c8", "isFirst": true}, {"firstName": "\u05e0\u05d0\u05d5\u05e8", "lastName": "\u05d2\u05d9\u05d0", "email": "guy1.naor@gmail.com", "password": "shenkar", "class": "c8", "isFirst": true}, {"firstName": "\u05e0\u05d5\u05d4", "lastName": "\u05d0\u05d3\u05dd", "email": "adamnaveh@gmail.com", "password": "shenkar", "class": "c8", "isFirst": true}, {"firstName": "\u05e7\u05d3\u05d5\u05e9", "lastName": "\u05d7\u05df", "email": "chenkadoshil@gmail.com", "password": "shenkar", "class": "c8", "isFirst": true}, {"firstName": "\u05e7\u05d5\u05d6\u05e0\u05e5", "lastName": "\u05de\u05d9\u05e9\u05dc", "email": "mishelclicks@gmail.com", "password": "shenkar", "class": "c8", "isFirst": true}, {"firstName": "\u05e7\u05d9\u05e8\u05e7\u05e4\u05d8\u05e8\u05d9\u05e7", "lastName": "\u05dc\u05d9\u05d0\u05dd", "email": "liam.gezer@gmail.com", "password": "shenkar", "class": "c8", "isFirst": true}, {"firstName": "\u05e7\u05de\u05d9\u05e8", "lastName": " \u05d3\u05e0\u05d4 ", "email": "danakamir56@gmail.com", "password": "shenkar", "class": "c8", "isFirst": true}, {"firstName": "\u05e8\u05d5\u05e1", "lastName": "\u05de\u05d9\u05e7\u05d4 ", "email": "mikaross12@gmail.com", "password": "shenkar", "class": "c8", "isFirst": true}, {"firstName": "\u05d1\u05df", "lastName": "\u05de\u05e9\u05d4 \u05d9\u05e2\u05dc", "email": "yael.bm343@gmail.com", "password": "shenkar", "class": "c10", "isFirst": true}, {"firstName": "\u05db\u05d4\u05df", "lastName": "\u05ea\u05d5\u05de\u05e8", "email": "tomercotc@gmail.com", "password": "shenkar", "class": "c10", "isFirst": true}, {"firstName": "\u05e4\u05d5\u05e8\u05d9\u05d4", "lastName": " \u05e9\u05d9\u05e8\u05d9 ", "email": "shiripor98@gmail.com", "password": "shenkar", "class": "c10", "isFirst": true}, {"firstName": "\u05e4\u05d7\u05d8\u05e8", "lastName": "\u05ea\u05d5\u05de\u05e8 ", "email": "tomer6600@gmail.com", "password": "shenkar", "class": "c10", "isFirst": true}, {"firstName": "\u05e4\u05dc\u05d2\u05d9", "lastName": "\u05dc\u05d9\u05d0\u05d5\u05e8", "email": "liorpalgi@gmail.com", "password": "shenkar", "class": "c10", "isFirst": true}, {"firstName": "\u05e4\u05dc\u05d3", "lastName": "\u05ea\u05d5\u05de\u05e8", "email": "tomerpeled64@gmail.com", "password": "shenkar", "class": "c10", "isFirst": true}, {"firstName": "\u05e4\u05e1\u05d7", "lastName": "\u05e2\u05d5\u05de\u05e8", "email": "omer.pessach14@gmail.com", "password": "shenkar", "class": "c10", "isFirst": true}, {"firstName": "\u05e4\u05e8\u05d1\u05e8", "lastName": "\u05e9\u05d7\u05e8", "email": "shacharfarber@gmail.com", "password": "shenkar", "class": "c10", "isFirst": true}, {"firstName": "\u05e4\u05e8\u05e1", "lastName": "\u05e0\u05d5\u05e2\u05dd ", "email": "noampress2000@gmail.com", "password": "shenkar", "class": "c10", "isFirst": true}, {"firstName": "\u05e4\u05e8\u05e5", "lastName": "\u05dc\u05d9\u05d0\u05d4 \u05e8\u05d7\u05dc", "email": "liaperetz17@gmail.com", "password": "shenkar", "class": "c10", "isFirst": true}, {"firstName": "\u05e6\u05d5\u05e8", "lastName": " \u05d9\u05d5\u05e0\u05ea\u05df ", "email": "yonatan4253@gmail.com", "password": "shenkar", "class": "c10", "isFirst": true}, {"firstName": "\u05e6\u05d9\u05d1\u05e8", "lastName": "\u05d3\u05e0\u05d4", "email": "danaciber2000@gmail.com", "password": "shenkar", "class": "c10", "isFirst": true}, {"firstName": "\u05e7\u05e8\u05e9\u05d8\u05d9\u05d9\u05df", "lastName": "\u05d1\u05e8", "email": "bar.kershtein@gmail.com", "password": "shenkar", "class": "c10", "isFirst": true}, {"firstName": "\u05e8\u05d5\u05d6", "lastName": "\u05e0\u05d3\u05d1", "email": "nadavrose1@gmail.com", "password": "shenkar", "class": "c10", "isFirst": true}, {"firstName": "\u05e8\u05d9\u05d9\u05e4\u05e0\u05d1\u05e8\u05d2", "lastName": "\u05e2\u05d5\u05de\u05e8", "email": "omer.reif@gmail.com", "password": "shenkar", "class": "c10", "isFirst": true}, {"firstName": "\u05e8\u05dd", "lastName": "\u05e0\u05d2\u05d4", "email": "nogaram435@gmail.com", "password": "shenkar", "class": "c10", "isFirst": true}, {"firstName": "\u05e9\u05d9\u05e8\u05d9", "lastName": "\u05d9\u05d5\u05d1\u05dc", "email": "yuvalshiri98@gmail.com", "password": "shenkar", "class": "c10", "isFirst": true}, {"firstName": "\u05e9\u05db\u05d8\u05e8", "lastName": "\u05e8\u05d5\u05de\u05d9", "email": "romishe12@gmail.comrechelasss@gmail.com", "password": "shenkar", "class": "c10", "isFirst": true}, {"firstName": "\u05e9\u05dc\u05d5", "lastName": "\u05e8\u05d5\u05e2\u05d9", "email": "royshalev888@gmail.comomer@goslaw.co.il", "password": "shenkar", "class": "c10", "isFirst": true}, {"firstName": "\u05e9\u05dc\u05de\u05d4", "lastName": "\u05d2\u05d9\u05d0", "email": "guy1254@gmail.com", "password": "shenkar", "class": "c10", "isFirst": true}, {"firstName": "\u05e9\u05de\u05d0\u05d9", "lastName": "\u05d0\u05d9\u05dc\u05d0\u05d9\u05dc ", "email": "ealeal.shamay@gmail.com", "password": "shenkar", "class": "c10", "isFirst": true}, {"firstName": "\u05e9\u05de\u05e9", "lastName": "\u05d0\u05dc\u05de\u05d5\u05d2", "email": "almog3003@gmail.com", "password": "shenkar", "class": "c10", "isFirst": true}, {"firstName": "\u05e9\u05e8\u05d9\u05d9\u05d1\u05e8", "lastName": "\u05d9\u05e9\u05d9 \u05e9\u05dc\u05de\u05d4", "email": "yishai.schr@gmail.com", "password": "shenkar", "class": "c10", "isFirst": true}, {"firstName": "\u05e9\u05e9\u05d5\u05df", "lastName": "\u05ea\u05d5\u05de\u05e8", "email": "tomer.sason8@gmail.com", "password": "shenkar", "class": "c10", "isFirst": true}, {"firstName": "\u05ea\u05d9\u05e8\u05d5\u05e9", "lastName": "\u05d3\u05d5\u05df", "email": "don.luhi@gmail.commeiravyle@gmail.com", "password": "shenkar", "class": "c10", "isFirst": true}, {"firstName": "\u05d1\u05df", "lastName": "\u05de\u05d9\u05db\u05d0\u05dc \u05e0\u05d5\u05e2\u05dd", "email": "noambm74@gmail.com", "password": "shenkar", "class": "c14", "isFirst": true}, {"firstName": "\u05d1\u05e7\u05e8", "lastName": "\u05d9\u05e8\u05d3\u05df", "email": "yardenbecker1@gmail.com", "password": "shenkar", "class": "c14", "isFirst": true}, {"firstName": "\u05d2\u05dc\u05e8", "lastName": "\u05dc\u05d9\u05e8\u05d6", "email": "lirazgeller2703@gmail.com", "password": "shenkar", "class": "c14", "isFirst": true}, {"firstName": "\u05e0\u05d7\u05e9\u05d5\u05df", "lastName": "\u05d0\u05dc\u05de\u05d5\u05d2 ", "email": "almognahshon295@gmail.com", "password": "shenkar", "class": "c14", "isFirst": true}, {"firstName": "\u05e0\u05d7\u05e9\u05d5\u05df", "lastName": "\u05e8\u05d9\u05e0\u05d5", "email": "renonahshon7439@gmail.com", "password": "shenkar", "class": "c14", "isFirst": true}, {"firstName": "\u05e1\u05d5\u05d5\u05d9\u05d3", "lastName": "\u05dc\u05d9\u05d4\u05d9", "email": "llihiswed@gmail.comlihisswed@gmail.com", "password": "shenkar", "class": "c14", "isFirst": true}, {"firstName": "\u05e1\u05d5\u05dc\u05d9\u05de\u05df", "lastName": "\u05e2\u05d9\u05d3\u05d5 ", "email": "idosuliman00@gmail.com", "password": "shenkar", "class": "c14", "isFirst": true}, {"firstName": "\u05e1\u05d9\u05d9\u05d3\u05d4", "lastName": "\u05dc\u05d9\u05e0\u05d5\u05e8", "email": "linor.sayada@gmail.com", "password": "shenkar", "class": "c14", "isFirst": true}, {"firstName": "\u05e1\u05d9\u05e8\u05e7\u05d9\u05e1", "lastName": "\u05ea\u05de\u05e8", "email": "tamarsirkis21@gmail.com", "password": "shenkar", "class": "c14", "isFirst": true}, {"firstName": "\u05e1\u05dc\u05e2", "lastName": "\u05e2\u05e0\u05d1\u05dc", "email": "inbalsela1@gmail.com", "password": "shenkar", "class": "c14", "isFirst": true}, {"firstName": "\u05e1\u05de\u05d5\u05d0\u05d9", "lastName": "\u05dc\u05d9\u05d0\u05d5\u05e8", "email": "liorsamoi300@gmail.com", "password": "shenkar", "class": "c14", "isFirst": true}, {"firstName": "\u05e1\u05e2\u05d9\u05d3", "lastName": "\u05d2\u05f3\u05d5\u05dc\u05d9\u05d4", "email": "juliasaed117@gmail.com", "password": "shenkar", "class": "c14", "isFirst": true}, {"firstName": "\u05e1\u05e7\u05d5\u05e8\u05d9", "lastName": "\u05e9\u05e0\u05d9", "email": "shanisk22@gmail.com", "password": "shenkar", "class": "c14", "isFirst": true}, {"firstName": "\u05e1\u05e7\u05d5\u05e8\u05e0\u05d9\u05e7", "lastName": "\u05e2\u05d5\u05de\u05e8", "email": "omerskurnik10@gmail.com", "password": "shenkar", "class": "c14", "isFirst": true}, {"firstName": "\u05e2\u05d6\u05e8", "lastName": "\u05d0\u05d5\u05e4\u05d9\u05e8", "email": "ezerofir2@gmail.com", "password": "shenkar", "class": "c14", "isFirst": true}, {"firstName": "\u05e2\u05d6\u05e8\u05d9\u05d4", "lastName": "\u05e0\u05d5\u05e2\u05dd", "email": "noamazaria5@gmail.com", "password": "shenkar", "class": "c14", "isFirst": true}, {"firstName": "\u05e4\u05d3\u05dc\u05d5\u05df", "lastName": "\u05d0\u05d5\u05e8\u05df", "email": "oranpilates0803@gmail.com", "password": "shenkar", "class": "c14", "isFirst": true}, {"firstName": "\u05e8\u05d5\u05e9", "lastName": "\u05d0\u05d5\u05e8\u05d9", "email": "orirosh3413@gmail.com", "password": "shenkar", "class": "c14", "isFirst": true}, {"firstName": "\u05e8\u05d6", "lastName": "\u05d9\u05d5\u05ea\u05dd", "email": "yotamraz306@gmail.com", "password": "shenkar", "class": "c14", "isFirst": true}, {"firstName": "\u05e8\u05d7\u05de\u05d9\u05dd", "lastName": "\u05d0\u05dc\u05d9\u05d0\u05d1", "email": "eliav971@gmail.com", "password": "shenkar", "class": "c14", "isFirst": true}, {"firstName": "\u05e8\u05d9\u05d6\u05e0\u05d1\u05e8\u05d2", "lastName": "\u05e7\u05e8\u05df", "email": "kerenrg00@gmail.com", "password": "shenkar", "class": "c14", "isFirst": true}, {"firstName": "\u05e8\u05d9\u05d8\u05dc", "lastName": "\u05d0\u05d5\u05d3\u05dc\u05d9\u05d4", "email": "rittelodelya@gmail.com", "password": "shenkar", "class": "c14", "isFirst": true}]